﻿{"data":[{"Aces":[{"PrincipalSID":"S-1-5-21-3330634377-1326264276-632209373-512","PrincipalType":"Group","RightName":"Owns","IsInherited":false},{"PrincipalSID":"S-1-5-21-3330634377-1326264276-632209373-512","PrincipalType":"Group","RightName":"WriteDacl","IsInherited":false},{"PrincipalSID":"S-1-5-21-3330634377-1326264276-632209373-512","PrincipalType":"Group","RightName":"WriteOwner","IsInherited":false},{"PrincipalSID":"S-1-5-21-3330634377-1326264276-632209373-512","PrincipalType":"Group","RightName":"GenericWrite","IsInherited":false},{"PrincipalSID":"S-1-5-21-3330634377-1326264276-632209373-512","PrincipalType":"Group","RightName":"WriteDacl","IsInherited":false},{"PrincipalSID":"S-1-5-21-3330634377-1326264276-632209373-512","PrincipalType":"Group","RightName":"WriteOwner","IsInherited":false},{"PrincipalSID":"S-1-5-21-3330634377-1326264276-632209373-512","PrincipalType":"Group","RightName":"GenericWrite","IsInherited":false},{"PrincipalSID":"S-1-5-21-3330634377-1326264276-632209373-519","PrincipalType":"Group","RightName":"WriteDacl","IsInherited":false},{"PrincipalSID":"S-1-5-21-3330634377-1326264276-632209373-519","PrincipalType":"Group","RightName":"WriteOwner","IsInherited":false},{"PrincipalSID":"S-1-5-21-3330634377-1326264276-632209373-519","PrincipalType":"Group","RightName":"GenericWrite","IsInherited":false}],"ObjectIdentifier":"38E3A5D9-5F2A-430D-8A08-04C9DCE77676","IsDeleted":false,"IsACLProtected":true,"Properties":{"domain":"ZA.TRYHACKME.COM","name":"DEFAULT DOMAIN CONTROLLERS POLICY@ZA.TRYHACKME.COM","distinguishedname":"CN={6AC1786C-016F-11D2-945F-00C04FB984F9},CN=POLICIES,CN=SYSTEM,DC=ZA,DC=TRYHACKME,DC=COM","domainsid":"S-1-5-21-3330634377-1326264276-632209373","highvalue":false,"description":null,"whencreated":1645739853,"gpcpath":"\\\\ZA.TRYHACKME.COM\\SYSVOL\\ZA.TRYHACKME.COM\\POLICIES\\{6AC1786C-016F-11D2-945F-00C04FB984F9}"}},{"Aces":[{"PrincipalSID":"S-1-5-21-3330634377-1326264276-632209373-512","PrincipalType":"Group","RightName":"Owns","IsInherited":false},{"PrincipalSID":"S-1-5-21-3330634377-1326264276-632209373-512","PrincipalType":"Group","RightName":"WriteDacl","IsInherited":false},{"PrincipalSID":"S-1-5-21-3330634377-1326264276-632209373-512","PrincipalType":"Group","RightName":"WriteOwner","IsInherited":false},{"PrincipalSID":"S-1-5-21-3330634377-1326264276-632209373-512","PrincipalType":"Group","RightName":"GenericWrite","IsInherited":false},{"PrincipalSID":"S-1-5-21-3330634377-1326264276-632209373-519","PrincipalType":"Group","RightName":"WriteDacl","IsInherited":false},{"PrincipalSID":"S-1-5-21-3330634377-1326264276-632209373-519","PrincipalType":"Group","RightName":"WriteOwner","IsInherited":false},{"PrincipalSID":"S-1-5-21-3330634377-1326264276-632209373-519","PrincipalType":"Group","RightName":"GenericWrite","IsInherited":false}],"ObjectIdentifier":"8E6F45AE-33F9-4675-ABBF-3FCB945D5A5F","IsDeleted":false,"IsACLProtected":true,"Properties":{"domain":"ZA.TRYHACKME.COM","name":"LOCAL ADMINISTRATORS - SERVERS@ZA.TRYHACKME.COM","distinguishedname":"CN={7F070CE4-1DC6-4006-9749-54D32D8D729F},CN=POLICIES,CN=SYSTEM,DC=ZA,DC=TRYHACKME,DC=COM","domainsid":"S-1-5-21-3330634377-1326264276-632209373","highvalue":false,"description":null,"whencreated":1647454784,"gpcpath":"\\\\ZA.TRYHACKME.COM\\SYSVOL\\ZA.TRYHACKME.COM\\POLICIES\\{7F070CE4-1DC6-4006-9749-54D32D8D729F}"}},{"Aces":[{"PrincipalSID":"S-1-5-21-3330634377-1326264276-632209373-512","PrincipalType":"Group","RightName":"Owns","IsInherited":false},{"PrincipalSID":"S-1-5-21-3330634377-1326264276-632209373-512","PrincipalType":"Group","RightName":"WriteDacl","IsInherited":false},{"PrincipalSID":"S-1-5-21-3330634377-1326264276-632209373-512","PrincipalType":"Group","RightName":"WriteOwner","IsInherited":false},{"PrincipalSID":"S-1-5-21-3330634377-1326264276-632209373-512","PrincipalType":"Group","RightName":"GenericWrite","IsInherited":false},{"PrincipalSID":"S-1-5-21-3330634377-1326264276-632209373-519","PrincipalType":"Group","RightName":"WriteDacl","IsInherited":false},{"PrincipalSID":"S-1-5-21-3330634377-1326264276-632209373-519","PrincipalType":"Group","RightName":"WriteOwner","IsInherited":false},{"PrincipalSID":"S-1-5-21-3330634377-1326264276-632209373-519","PrincipalType":"Group","RightName":"GenericWrite","IsInherited":false}],"ObjectIdentifier":"570CB657-DE06-4C36-9954-20C12C647E16","IsDeleted":false,"IsACLProtected":true,"Properties":{"domain":"ZA.TRYHACKME.COM","name":"LOCAL ADMINISTRATORS - WORKSTATIONS@ZA.TRYHACKME.COM","distinguishedname":"CN={EF776176-2518-429A-A779-93BE7F22A7AE},CN=POLICIES,CN=SYSTEM,DC=ZA,DC=TRYHACKME,DC=COM","domainsid":"S-1-5-21-3330634377-1326264276-632209373","highvalue":false,"description":null,"whencreated":1647455653,"gpcpath":"\\\\ZA.TRYHACKME.COM\\SYSVOL\\ZA.TRYHACKME.COM\\POLICIES\\{EF776176-2518-429A-A779-93BE7F22A7AE}"}},{"Aces":[{"PrincipalSID":"S-1-5-21-3330634377-1326264276-632209373-512","PrincipalType":"Group","RightName":"Owns","IsInherited":false},{"PrincipalSID":"S-1-5-21-3330634377-1326264276-632209373-512","PrincipalType":"Group","RightName":"WriteDacl","IsInherited":false},{"PrincipalSID":"S-1-5-21-3330634377-1326264276-632209373-512","PrincipalType":"Group","RightName":"WriteOwner","IsInherited":false},{"PrincipalSID":"S-1-5-21-3330634377-1326264276-632209373-512","PrincipalType":"Group","RightName":"GenericWrite","IsInherited":false},{"PrincipalSID":"S-1-5-21-3330634377-1326264276-632209373-519","PrincipalType":"Group","RightName":"WriteDacl","IsInherited":false},{"PrincipalSID":"S-1-5-21-3330634377-1326264276-632209373-519","PrincipalType":"Group","RightName":"WriteOwner","IsInherited":false},{"PrincipalSID":"S-1-5-21-3330634377-1326264276-632209373-519","PrincipalType":"Group","RightName":"GenericWrite","IsInherited":false}],"ObjectIdentifier":"EEBE1847-1672-451D-BF86-9799440B8DE3","IsDeleted":false,"IsACLProtected":true,"Properties":{"domain":"ZA.TRYHACKME.COM","name":"RDP DOMAIN USERS@ZA.TRYHACKME.COM","distinguishedname":"CN={6BD8D1FC-852C-41B2-8D76-BD80B653D7F1},CN=POLICIES,CN=SYSTEM,DC=ZA,DC=TRYHACKME,DC=COM","domainsid":"S-1-5-21-3330634377-1326264276-632209373","highvalue":false,"description":null,"whencreated":1647456236,"gpcpath":"\\\\ZA.TRYHACKME.COM\\SYSVOL\\ZA.TRYHACKME.COM\\POLICIES\\{6BD8D1FC-852C-41B2-8D76-BD80B653D7F1}"}},{"Aces":[{"PrincipalSID":"S-1-5-21-3330634377-1326264276-632209373-512","PrincipalType":"Group","RightName":"Owns","IsInherited":false},{"PrincipalSID":"S-1-5-21-3330634377-1326264276-632209373-512","PrincipalType":"Group","RightName":"WriteDacl","IsInherited":false},{"PrincipalSID":"S-1-5-21-3330634377-1326264276-632209373-512","PrincipalType":"Group","RightName":"WriteOwner","IsInherited":false},{"PrincipalSID":"S-1-5-21-3330634377-1326264276-632209373-512","PrincipalType":"Group","RightName":"GenericWrite","IsInherited":false},{"PrincipalSID":"S-1-5-21-3330634377-1326264276-632209373-512","PrincipalType":"Group","RightName":"WriteDacl","IsInherited":false},{"PrincipalSID":"S-1-5-21-3330634377-1326264276-632209373-512","PrincipalType":"Group","RightName":"WriteOwner","IsInherited":false},{"PrincipalSID":"S-1-5-21-3330634377-1326264276-632209373-512","PrincipalType":"Group","RightName":"GenericWrite","IsInherited":false},{"PrincipalSID":"S-1-5-21-3330634377-1326264276-632209373-519","PrincipalType":"Group","RightName":"WriteDacl","IsInherited":false},{"PrincipalSID":"S-1-5-21-3330634377-1326264276-632209373-519","PrincipalType":"Group","RightName":"WriteOwner","IsInherited":false},{"PrincipalSID":"S-1-5-21-3330634377-1326264276-632209373-519","PrincipalType":"Group","RightName":"GenericWrite","IsInherited":false}],"ObjectIdentifier":"C0C864E3-EC04-4C70-8FF3-EB8E4F54DC0F","IsDeleted":false,"IsACLProtected":true,"Properties":{"domain":"ZA.TRYHACKME.COM","name":"DEFAULT DOMAIN POLICY@ZA.TRYHACKME.COM","distinguishedname":"CN={31B2F340-016D-11D2-945F-00C04FB984F9},CN=POLICIES,CN=SYSTEM,DC=ZA,DC=TRYHACKME,DC=COM","domainsid":"S-1-5-21-3330634377-1326264276-632209373","highvalue":false,"description":null,"whencreated":1645739853,"gpcpath":"\\\\ZA.TRYHACKME.COM\\SYSVOL\\ZA.TRYHACKME.COM\\POLICIES\\{31B2F340-016D-11D2-945F-00C04FB984F9}"}}],"meta":{"methods":29695,"type":"gpos","count":5,"version":4}}