﻿{"data":[{"PrimaryGroupSID":"S-1-5-21-3330634377-1326264276-632209373-516","AllowedToDelegate":[],"AllowedToAct":[],"HasSIDHistory":[],"Sessions":{"Results":[],"Collected":false,"FailureReason":null},"PrivilegedSessions":{"Results":[],"Collected":false,"FailureReason":null},"RegistrySessions":{"Results":[],"Collected":false,"FailureReason":null},"LocalAdmins":{"Results":[],"Collected":false,"FailureReason":null},"RemoteDesktopUsers":{"Results":[],"Collected":false,"FailureReason":null},"DcomUsers":{"Results":[],"Collected":false,"FailureReason":null},"PSRemoteUsers":{"Results":[],"Collected":false,"FailureReason":null},"Status":null,"Aces":[{"PrincipalSID":"S-1-5-21-3330634377-1326264276-632209373-512","PrincipalType":"Group","RightName":"Owns","IsInherited":false},{"PrincipalSID":"S-1-5-21-3330634377-1326264276-632209373-512","PrincipalType":"Group","RightName":"GenericAll","IsInherited":false},{"PrincipalSID":"S-1-5-21-3330634377-1326264276-632209373-526","PrincipalType":"Group","RightName":"AddKeyCredentialLink","IsInherited":true},{"PrincipalSID":"S-1-5-21-3330634377-1326264276-632209373-527","PrincipalType":"Group","RightName":"AddKeyCredentialLink","IsInherited":true},{"PrincipalSID":"S-1-5-21-3330634377-1326264276-632209373-519","PrincipalType":"Group","RightName":"GenericAll","IsInherited":true},{"PrincipalSID":"ZA.TRYHACKME.COM-S-1-5-32-544","PrincipalType":"Group","RightName":"WriteDacl","IsInherited":true},{"PrincipalSID":"ZA.TRYHACKME.COM-S-1-5-32-544","PrincipalType":"Group","RightName":"WriteOwner","IsInherited":true},{"PrincipalSID":"ZA.TRYHACKME.COM-S-1-5-32-544","PrincipalType":"Group","RightName":"GenericWrite","IsInherited":true}],"ObjectIdentifier":"S-1-5-21-3330634377-1326264276-632209373-1001","IsDeleted":false,"IsACLProtected":false,"Properties":{"domain":"ZA.TRYHACKME.COM","name":"THMDC.ZA.TRYHACKME.COM","distinguishedname":"CN=THMDC,OU=DOMAIN CONTROLLERS,DC=ZA,DC=TRYHACKME,DC=COM","domainsid":"S-1-5-21-3330634377-1326264276-632209373","highvalue":false,"haslaps":false,"description":null,"whencreated":1645739918,"enabled":true,"unconstraineddelegation":true,"trustedtoauth":false,"lastlogon":1662753635,"lastlogontimestamp":1662648015,"pwdlastset":1654708963,"serviceprincipalnames":["TERMSRV/THMDC","TERMSRV/THMDC.za.tryhackme.com","Dfsr-12F9A27C-BF97-4787-9364-D31B6C55EB04/THMDC.za.tryhackme.com","ldap/THMDC.za.tryhackme.com/ForestDnsZones.za.tryhackme.com","ldap/THMDC.za.tryhackme.com/DomainDnsZones.za.tryhackme.com","DNS/THMDC.za.tryhackme.com","GC/THMDC.za.tryhackme.com/za.tryhackme.com","RestrictedKrbHost/THMDC.za.tryhackme.com","RestrictedKrbHost/THMDC","RPC/ed6726c4-5774-4e2d-bf70-18f2e580fcb0._msdcs.za.tryhackme.com","HOST/THMDC/ZA","HOST/THMDC.za.tryhackme.com/ZA","HOST/THMDC","HOST/THMDC.za.tryhackme.com","HOST/THMDC.za.tryhackme.com/za.tryhackme.com","E3514235-4B06-11D1-AB04-00C04FC2DCD2/ed6726c4-5774-4e2d-bf70-18f2e580fcb0/za.tryhackme.com","ldap/THMDC/ZA","ldap/ed6726c4-5774-4e2d-bf70-18f2e580fcb0._msdcs.za.tryhackme.com","ldap/THMDC.za.tryhackme.com/ZA","ldap/THMDC","ldap/THMDC.za.tryhackme.com","ldap/THMDC.za.tryhackme.com/za.tryhackme.com"],"operatingsystem":"Windows Server 2019 Standard","sidhistory":[]}},{"PrimaryGroupSID":"S-1-5-21-3330634377-1326264276-632209373-515","AllowedToDelegate":[],"AllowedToAct":[],"HasSIDHistory":[],"Sessions":{"Results":[],"Collected":false,"FailureReason":null},"PrivilegedSessions":{"Results":[],"Collected":false,"FailureReason":null},"RegistrySessions":{"Results":[],"Collected":false,"FailureReason":null},"LocalAdmins":{"Results":[],"Collected":false,"FailureReason":null},"RemoteDesktopUsers":{"Results":[],"Collected":false,"FailureReason":null},"DcomUsers":{"Results":[],"Collected":false,"FailureReason":null},"PSRemoteUsers":{"Results":[],"Collected":false,"FailureReason":null},"Status":null,"Aces":[{"PrincipalSID":"S-1-5-21-3330634377-1326264276-632209373-512","PrincipalType":"Group","RightName":"Owns","IsInherited":false},{"PrincipalSID":"ZA.TRYHACKME.COM-S-1-5-32-548","PrincipalType":"Group","RightName":"GenericAll","IsInherited":false},{"PrincipalSID":"S-1-5-21-3330634377-1326264276-632209373-512","PrincipalType":"Group","RightName":"GenericAll","IsInherited":false},{"PrincipalSID":"S-1-5-21-3330634377-1326264276-632209373-526","PrincipalType":"Group","RightName":"AddKeyCredentialLink","IsInherited":true},{"PrincipalSID":"S-1-5-21-3330634377-1326264276-632209373-527","PrincipalType":"Group","RightName":"AddKeyCredentialLink","IsInherited":true},{"PrincipalSID":"S-1-5-21-3330634377-1326264276-632209373-519","PrincipalType":"Group","RightName":"GenericAll","IsInherited":true},{"PrincipalSID":"ZA.TRYHACKME.COM-S-1-5-32-544","PrincipalType":"Group","RightName":"WriteDacl","IsInherited":true},{"PrincipalSID":"ZA.TRYHACKME.COM-S-1-5-32-544","PrincipalType":"Group","RightName":"WriteOwner","IsInherited":true},{"PrincipalSID":"ZA.TRYHACKME.COM-S-1-5-32-544","PrincipalType":"Group","RightName":"GenericWrite","IsInherited":true}],"ObjectIdentifier":"S-1-5-21-3330634377-1326264276-632209373-3134","IsDeleted":false,"IsACLProtected":false,"Properties":{"domain":"ZA.TRYHACKME.COM","name":"THMIIS.ZA.TRYHACKME.COM","distinguishedname":"CN=THMIIS,OU=SERVERS,DC=ZA,DC=TRYHACKME,DC=COM","domainsid":"S-1-5-21-3330634377-1326264276-632209373","highvalue":false,"haslaps":false,"description":null,"whencreated":1645959122,"enabled":true,"unconstraineddelegation":false,"trustedtoauth":false,"lastlogon":1662755112,"lastlogontimestamp":1662648017,"pwdlastset":1654709026,"serviceprincipalnames":["WSMAN/THMIIS","WSMAN/THMIIS.za.tryhackme.com","TERMSRV/THMIIS","TERMSRV/THMIIS.za.tryhackme.com","RestrictedKrbHost/THMIIS","HOST/THMIIS","RestrictedKrbHost/THMIIS.za.tryhackme.com","HOST/THMIIS.za.tryhackme.com"],"operatingsystem":"Windows Server 2019 Standard","sidhistory":[]}},{"PrimaryGroupSID":"S-1-5-21-3330634377-1326264276-632209373-515","AllowedToDelegate":[],"AllowedToAct":[],"HasSIDHistory":[],"Sessions":{"Results":[],"Collected":false,"FailureReason":null},"PrivilegedSessions":{"Results":[],"Collected":false,"FailureReason":null},"RegistrySessions":{"Results":[],"Collected":false,"FailureReason":null},"LocalAdmins":{"Results":[],"Collected":false,"FailureReason":null},"RemoteDesktopUsers":{"Results":[],"Collected":false,"FailureReason":null},"DcomUsers":{"Results":[],"Collected":false,"FailureReason":null},"PSRemoteUsers":{"Results":[],"Collected":false,"FailureReason":null},"Status":null,"Aces":[{"PrincipalSID":"S-1-5-21-3330634377-1326264276-632209373-512","PrincipalType":"Group","RightName":"Owns","IsInherited":false},{"PrincipalSID":"ZA.TRYHACKME.COM-S-1-5-32-548","PrincipalType":"Group","RightName":"GenericAll","IsInherited":false},{"PrincipalSID":"S-1-5-21-3330634377-1326264276-632209373-512","PrincipalType":"Group","RightName":"GenericAll","IsInherited":false},{"PrincipalSID":"S-1-5-21-3330634377-1326264276-632209373-526","PrincipalType":"Group","RightName":"AddKeyCredentialLink","IsInherited":true},{"PrincipalSID":"S-1-5-21-3330634377-1326264276-632209373-527","PrincipalType":"Group","RightName":"AddKeyCredentialLink","IsInherited":true},{"PrincipalSID":"S-1-5-21-3330634377-1326264276-632209373-519","PrincipalType":"Group","RightName":"GenericAll","IsInherited":true},{"PrincipalSID":"ZA.TRYHACKME.COM-S-1-5-32-544","PrincipalType":"Group","RightName":"WriteDacl","IsInherited":true},{"PrincipalSID":"ZA.TRYHACKME.COM-S-1-5-32-544","PrincipalType":"Group","RightName":"WriteOwner","IsInherited":true},{"PrincipalSID":"ZA.TRYHACKME.COM-S-1-5-32-544","PrincipalType":"Group","RightName":"GenericWrite","IsInherited":true}],"ObjectIdentifier":"S-1-5-21-3330634377-1326264276-632209373-3135","IsDeleted":false,"IsACLProtected":false,"Properties":{"domain":"ZA.TRYHACKME.COM","name":"THMMDT.ZA.TRYHACKME.COM","distinguishedname":"CN=THMMDT,OU=SERVERS,DC=ZA,DC=TRYHACKME,DC=COM","domainsid":"S-1-5-21-3330634377-1326264276-632209373","highvalue":false,"haslaps":false,"description":null,"whencreated":1646070634,"enabled":true,"unconstraineddelegation":false,"trustedtoauth":false,"lastlogon":1662755097,"lastlogontimestamp":1662648564,"pwdlastset":1654709058,"serviceprincipalnames":["WSMAN/THMMDT","WSMAN/THMMDT.za.tryhackme.com","TERMSRV/THMMDT","TERMSRV/THMMDT.za.tryhackme.com","RestrictedKrbHost/THMMDT","HOST/THMMDT","RestrictedKrbHost/THMMDT.za.tryhackme.com","HOST/THMMDT.za.tryhackme.com"],"operatingsystem":"Windows Server 2019 Standard","sidhistory":[]}},{"PrimaryGroupSID":"S-1-5-21-3330634377-1326264276-632209373-515","AllowedToDelegate":[],"AllowedToAct":[],"HasSIDHistory":[],"Sessions":{"Results":[],"Collected":false,"FailureReason":null},"PrivilegedSessions":{"Results":[],"Collected":false,"FailureReason":null},"RegistrySessions":{"Results":[],"Collected":false,"FailureReason":null},"LocalAdmins":{"Results":[],"Collected":false,"FailureReason":null},"RemoteDesktopUsers":{"Results":[],"Collected":false,"FailureReason":null},"DcomUsers":{"Results":[],"Collected":false,"FailureReason":null},"PSRemoteUsers":{"Results":[],"Collected":false,"FailureReason":null},"Status":null,"Aces":[{"PrincipalSID":"S-1-5-21-3330634377-1326264276-632209373-512","PrincipalType":"Group","RightName":"Owns","IsInherited":false},{"PrincipalSID":"ZA.TRYHACKME.COM-S-1-5-32-548","PrincipalType":"Group","RightName":"GenericAll","IsInherited":false},{"PrincipalSID":"S-1-5-21-3330634377-1326264276-632209373-512","PrincipalType":"Group","RightName":"GenericAll","IsInherited":false},{"PrincipalSID":"S-1-5-21-3330634377-1326264276-632209373-526","PrincipalType":"Group","RightName":"AddKeyCredentialLink","IsInherited":true},{"PrincipalSID":"S-1-5-21-3330634377-1326264276-632209373-527","PrincipalType":"Group","RightName":"AddKeyCredentialLink","IsInherited":true},{"PrincipalSID":"S-1-5-21-3330634377-1326264276-632209373-519","PrincipalType":"Group","RightName":"GenericAll","IsInherited":true},{"PrincipalSID":"ZA.TRYHACKME.COM-S-1-5-32-544","PrincipalType":"Group","RightName":"WriteDacl","IsInherited":true},{"PrincipalSID":"ZA.TRYHACKME.COM-S-1-5-32-544","PrincipalType":"Group","RightName":"WriteOwner","IsInherited":true},{"PrincipalSID":"ZA.TRYHACKME.COM-S-1-5-32-544","PrincipalType":"Group","RightName":"GenericWrite","IsInherited":true}],"ObjectIdentifier":"S-1-5-21-3330634377-1326264276-632209373-4104","IsDeleted":false,"IsACLProtected":false,"Properties":{"domain":"ZA.TRYHACKME.COM","name":"THMJMP1.ZA.TRYHACKME.COM","distinguishedname":"CN=THMJMP1,OU=WORKSTATIONS,DC=ZA,DC=TRYHACKME,DC=COM","domainsid":"S-1-5-21-3330634377-1326264276-632209373","highvalue":false,"haslaps":false,"description":null,"whencreated":1647429960,"enabled":true,"unconstraineddelegation":false,"trustedtoauth":false,"lastlogon":1662755121,"lastlogontimestamp":1662648134,"pwdlastset":1654709078,"serviceprincipalnames":["WSMAN/THMJMP1","WSMAN/THMJMP1.za.tryhackme.com","TERMSRV/THMJMP1","TERMSRV/THMJMP1.za.tryhackme.com","RestrictedKrbHost/THMJMP1","HOST/THMJMP1","RestrictedKrbHost/THMJMP1.za.tryhackme.com","HOST/THMJMP1.za.tryhackme.com"],"operatingsystem":"Windows Server 2019 Standard","sidhistory":[]}}],"meta":{"methods":29695,"type":"computers","count":4,"version":4}}