﻿{"data":[{"ChildObjects":[],"Aces":[{"PrincipalSID":"S-1-5-21-3330634377-1326264276-632209373-512","PrincipalType":"Group","RightName":"Owns","IsInherited":false},{"PrincipalSID":"S-1-5-21-3330634377-1326264276-632209373-512","PrincipalType":"Group","RightName":"WriteDacl","IsInherited":false},{"PrincipalSID":"S-1-5-21-3330634377-1326264276-632209373-512","PrincipalType":"Group","RightName":"WriteOwner","IsInherited":false},{"PrincipalSID":"S-1-5-21-3330634377-1326264276-632209373-519","PrincipalType":"Group","RightName":"GenericAll","IsInherited":true},{"PrincipalSID":"S-1-5-21-3330634377-1326264276-632209373-512","PrincipalType":"Group","RightName":"GenericAll","IsInherited":true}],"ObjectIdentifier":"068584F5-70FC-4B4E-A05E-51CA52B03F73","IsDeleted":false,"IsACLProtected":false,"Properties":{"domain":"ZA.TRYHACKME.COM","name":"WMIGPO@ZA.TRYHACKME.COM","distinguishedname":"CN=WMIGPO,CN=WMIPOLICY,CN=SYSTEM,DC=ZA,DC=TRYHACKME,DC=COM","domainsid":"S-1-5-21-3330634377-1326264276-632209373","highvalue":false}},{"ChildObjects":[],"Aces":[{"PrincipalSID":"S-1-5-21-3330634377-1326264276-632209373-512","PrincipalType":"Group","RightName":"Owns","IsInherited":false},{"PrincipalSID":"S-1-5-21-3330634377-1326264276-632209373-512","PrincipalType":"Group","RightName":"WriteDacl","IsInherited":false},{"PrincipalSID":"S-1-5-21-3330634377-1326264276-632209373-512","PrincipalType":"Group","RightName":"WriteOwner","IsInherited":false},{"PrincipalSID":"S-1-5-21-3330634377-1326264276-632209373-519","PrincipalType":"Group","RightName":"GenericAll","IsInherited":true},{"PrincipalSID":"S-1-5-21-3330634377-1326264276-632209373-512","PrincipalType":"Group","RightName":"GenericAll","IsInherited":true}],"ObjectIdentifier":"7408DBBF-4BE0-46CC-9C2D-4D02BA3171B7","IsDeleted":false,"IsACLProtected":false,"Properties":{"domain":"ZA.TRYHACKME.COM","name":"POLICYTYPE@ZA.TRYHACKME.COM","distinguishedname":"CN=POLICYTYPE,CN=WMIPOLICY,CN=SYSTEM,DC=ZA,DC=TRYHACKME,DC=COM","domainsid":"S-1-5-21-3330634377-1326264276-632209373","highvalue":false}},{"ChildObjects":[],"Aces":[{"PrincipalSID":"S-1-5-21-3330634377-1326264276-632209373-512","PrincipalType":"Group","RightName":"Owns","IsInherited":false},{"PrincipalSID":"S-1-5-21-3330634377-1326264276-632209373-512","PrincipalType":"Group","RightName":"GenericAll","IsInherited":false},{"PrincipalSID":"S-1-5-21-3330634377-1326264276-632209373-519","PrincipalType":"Group","RightName":"GenericAll","IsInherited":false}],"ObjectIdentifier":"CF5FA93D-81A7-4FED-A42C-5563642B14BA","IsDeleted":false,"IsACLProtected":true,"Properties":{"domain":"ZA.TRYHACKME.COM","name":"SOM@ZA.TRYHACKME.COM","distinguishedname":"CN=SOM,CN=WMIPOLICY,CN=SYSTEM,DC=ZA,DC=TRYHACKME,DC=COM","domainsid":"S-1-5-21-3330634377-1326264276-632209373","highvalue":false}},{"ChildObjects":[],"Aces":[{"PrincipalSID":"S-1-5-21-3330634377-1326264276-632209373-512","PrincipalType":"Group","RightName":"Owns","IsInherited":false},{"PrincipalSID":"S-1-5-21-3330634377-1326264276-632209373-512","PrincipalType":"Group","RightName":"WriteDacl","IsInherited":false},{"PrincipalSID":"S-1-5-21-3330634377-1326264276-632209373-512","PrincipalType":"Group","RightName":"WriteOwner","IsInherited":false},{"PrincipalSID":"S-1-5-21-3330634377-1326264276-632209373-519","PrincipalType":"Group","RightName":"GenericAll","IsInherited":true},{"PrincipalSID":"S-1-5-21-3330634377-1326264276-632209373-512","PrincipalType":"Group","RightName":"GenericAll","IsInherited":true}],"ObjectIdentifier":"505D50D6-A059-4546-A048-B19A2A7C879F","IsDeleted":false,"IsACLProtected":false,"Properties":{"domain":"ZA.TRYHACKME.COM","name":"POLICYTEMPLATE@ZA.TRYHACKME.COM","distinguishedname":"CN=POLICYTEMPLATE,CN=WMIPOLICY,CN=SYSTEM,DC=ZA,DC=TRYHACKME,DC=COM","domainsid":"S-1-5-21-3330634377-1326264276-632209373","highvalue":false}},{"ChildObjects":[],"Aces":[{"PrincipalSID":"S-1-5-21-3330634377-1326264276-632209373-512","PrincipalType":"Group","RightName":"Owns","IsInherited":false},{"PrincipalSID":"S-1-5-21-3330634377-1326264276-632209373-512","PrincipalType":"Group","RightName":"WriteDacl","IsInherited":false},{"PrincipalSID":"S-1-5-21-3330634377-1326264276-632209373-512","PrincipalType":"Group","RightName":"WriteOwner","IsInherited":false},{"PrincipalSID":"S-1-5-21-3330634377-1326264276-632209373-519","PrincipalType":"Group","RightName":"GenericAll","IsInherited":true},{"PrincipalSID":"ZA.TRYHACKME.COM-S-1-5-32-544","PrincipalType":"Group","RightName":"WriteDacl","IsInherited":true},{"PrincipalSID":"ZA.TRYHACKME.COM-S-1-5-32-544","PrincipalType":"Group","RightName":"WriteOwner","IsInherited":true}],"ObjectIdentifier":"9085C76F-559A-42BA-B84D-6E849460B356","IsDeleted":false,"IsACLProtected":false,"Properties":{"domain":"ZA.TRYHACKME.COM","name":"COMPARTITIONSETS@ZA.TRYHACKME.COM","distinguishedname":"CN=COMPARTITIONSETS,CN=SYSTEM,DC=ZA,DC=TRYHACKME,DC=COM","domainsid":"S-1-5-21-3330634377-1326264276-632209373","highvalue":false}},{"ChildObjects":[],"Aces":[{"PrincipalSID":"S-1-5-21-3330634377-1326264276-632209373-512","PrincipalType":"Group","RightName":"Owns","IsInherited":false},{"PrincipalSID":"S-1-5-21-3330634377-1326264276-632209373-512","PrincipalType":"Group","RightName":"WriteDacl","IsInherited":false},{"PrincipalSID":"S-1-5-21-3330634377-1326264276-632209373-512","PrincipalType":"Group","RightName":"WriteOwner","IsInherited":false},{"PrincipalSID":"S-1-5-21-3330634377-1326264276-632209373-519","PrincipalType":"Group","RightName":"GenericAll","IsInherited":true},{"PrincipalSID":"ZA.TRYHACKME.COM-S-1-5-32-544","PrincipalType":"Group","RightName":"WriteDacl","IsInherited":true},{"PrincipalSID":"ZA.TRYHACKME.COM-S-1-5-32-544","PrincipalType":"Group","RightName":"WriteOwner","IsInherited":true}],"ObjectIdentifier":"3E6897F0-2A71-4D83-95A8-AA26E8B7967A","IsDeleted":false,"IsACLProtected":false,"Properties":{"domain":"ZA.TRYHACKME.COM","name":"POLICIES@ZA.TRYHACKME.COM","distinguishedname":"CN=POLICIES,CN=SYSTEM,DC=ZA,DC=TRYHACKME,DC=COM","domainsid":"S-1-5-21-3330634377-1326264276-632209373","highvalue":false}},{"ChildObjects":[],"Aces":[{"PrincipalSID":"S-1-5-21-3330634377-1326264276-632209373-512","PrincipalType":"Group","RightName":"Owns","IsInherited":false},{"PrincipalSID":"S-1-5-21-3330634377-1326264276-632209373-512","PrincipalType":"Group","RightName":"WriteDacl","IsInherited":false},{"PrincipalSID":"S-1-5-21-3330634377-1326264276-632209373-512","PrincipalType":"Group","RightName":"WriteOwner","IsInherited":false},{"PrincipalSID":"S-1-5-21-3330634377-1326264276-632209373-519","PrincipalType":"Group","RightName":"GenericAll","IsInherited":true},{"PrincipalSID":"ZA.TRYHACKME.COM-S-1-5-32-544","PrincipalType":"Group","RightName":"WriteDacl","IsInherited":true},{"PrincipalSID":"ZA.TRYHACKME.COM-S-1-5-32-544","PrincipalType":"Group","RightName":"WriteOwner","IsInherited":true}],"ObjectIdentifier":"C9FE3676-8EB6-4ACE-B97E-AA6131A14921","IsDeleted":false,"IsACLProtected":false,"Properties":{"domain":"ZA.TRYHACKME.COM","name":"COMPARTITIONS@ZA.TRYHACKME.COM","distinguishedname":"CN=COMPARTITIONS,CN=SYSTEM,DC=ZA,DC=TRYHACKME,DC=COM","domainsid":"S-1-5-21-3330634377-1326264276-632209373","highvalue":false}},{"ChildObjects":[],"Aces":[{"PrincipalSID":"S-1-5-21-3330634377-1326264276-632209373-512","PrincipalType":"Group","RightName":"Owns","IsInherited":false},{"PrincipalSID":"S-1-5-21-3330634377-1326264276-632209373-512","PrincipalType":"Group","RightName":"GenericAll","IsInherited":false},{"PrincipalSID":"S-1-5-21-3330634377-1326264276-632209373-519","PrincipalType":"Group","RightName":"GenericAll","IsInherited":true},{"PrincipalSID":"ZA.TRYHACKME.COM-S-1-5-32-544","PrincipalType":"Group","RightName":"WriteDacl","IsInherited":true},{"PrincipalSID":"ZA.TRYHACKME.COM-S-1-5-32-544","PrincipalType":"Group","RightName":"WriteOwner","IsInherited":true}],"ObjectIdentifier":"2A8D894A-CEFB-4F18-91ED-D9B277CBDB8D","IsDeleted":false,"IsACLProtected":false,"Properties":{"domain":"ZA.TRYHACKME.COM","name":"MICROSOFT@ZA.TRYHACKME.COM","distinguishedname":"CN=MICROSOFT,CN=PROGRAM DATA,DC=ZA,DC=TRYHACKME,DC=COM","domainsid":"S-1-5-21-3330634377-1326264276-632209373","highvalue":false}},{"ChildObjects":[],"Aces":[{"PrincipalSID":"S-1-5-21-3330634377-1326264276-632209373-512","PrincipalType":"Group","RightName":"Owns","IsInherited":false},{"PrincipalSID":"S-1-5-21-3330634377-1326264276-632209373-512","PrincipalType":"Group","RightName":"GenericAll","IsInherited":false},{"PrincipalSID":"S-1-5-21-3330634377-1326264276-632209373-519","PrincipalType":"Group","RightName":"GenericAll","IsInherited":true},{"PrincipalSID":"ZA.TRYHACKME.COM-S-1-5-32-544","PrincipalType":"Group","RightName":"WriteDacl","IsInherited":true},{"PrincipalSID":"ZA.TRYHACKME.COM-S-1-5-32-544","PrincipalType":"Group","RightName":"WriteOwner","IsInherited":true}],"ObjectIdentifier":"F489D2B9-769C-450E-A16C-71C9BA0FC9D5","IsDeleted":false,"IsACLProtected":false,"Properties":{"domain":"ZA.TRYHACKME.COM","name":"PSPS@ZA.TRYHACKME.COM","distinguishedname":"CN=PSPS,CN=SYSTEM,DC=ZA,DC=TRYHACKME,DC=COM","domainsid":"S-1-5-21-3330634377-1326264276-632209373","highvalue":false}},{"ChildObjects":[],"Aces":[{"PrincipalSID":"S-1-5-21-3330634377-1326264276-632209373-512","PrincipalType":"Group","RightName":"Owns","IsInherited":false},{"PrincipalSID":"S-1-5-21-3330634377-1326264276-632209373-512","PrincipalType":"Group","RightName":"GenericAll","IsInherited":false},{"PrincipalSID":"S-1-5-21-3330634377-1326264276-632209373-519","PrincipalType":"Group","RightName":"GenericAll","IsInherited":false}],"ObjectIdentifier":"734CB35A-5F33-41E9-8341-6B9A72C579D4","IsDeleted":false,"IsACLProtected":true,"Properties":{"domain":"ZA.TRYHACKME.COM","name":"WMIPOLICY@ZA.TRYHACKME.COM","distinguishedname":"CN=WMIPOLICY,CN=SYSTEM,DC=ZA,DC=TRYHACKME,DC=COM","domainsid":"S-1-5-21-3330634377-1326264276-632209373","highvalue":false}},{"ChildObjects":[],"Aces":[{"PrincipalSID":"S-1-5-21-3330634377-1326264276-632209373-512","PrincipalType":"Group","RightName":"Owns","IsInherited":false},{"PrincipalSID":"S-1-5-21-3330634377-1326264276-632209373-512","PrincipalType":"Group","RightName":"GenericAll","IsInherited":false},{"PrincipalSID":"S-1-5-21-3330634377-1326264276-632209373-519","PrincipalType":"Group","RightName":"GenericAll","IsInherited":true},{"PrincipalSID":"ZA.TRYHACKME.COM-S-1-5-32-544","PrincipalType":"Group","RightName":"WriteDacl","IsInherited":true},{"PrincipalSID":"ZA.TRYHACKME.COM-S-1-5-32-544","PrincipalType":"Group","RightName":"WriteOwner","IsInherited":true}],"ObjectIdentifier":"DA044019-3EF8-4983-AB26-D7E17FFC6002","IsDeleted":false,"IsACLProtected":false,"Properties":{"domain":"ZA.TRYHACKME.COM","name":"FOREIGNSECURITYPRINCIPALS@ZA.TRYHACKME.COM","distinguishedname":"CN=FOREIGNSECURITYPRINCIPALS,DC=ZA,DC=TRYHACKME,DC=COM","domainsid":"S-1-5-21-3330634377-1326264276-632209373","highvalue":false}},{"ChildObjects":[],"Aces":[{"PrincipalSID":"S-1-5-21-3330634377-1326264276-632209373-512","PrincipalType":"Group","RightName":"Owns","IsInherited":false},{"PrincipalSID":"S-1-5-21-3330634377-1326264276-632209373-512","PrincipalType":"Group","RightName":"WriteDacl","IsInherited":false},{"PrincipalSID":"S-1-5-21-3330634377-1326264276-632209373-512","PrincipalType":"Group","RightName":"WriteOwner","IsInherited":false},{"PrincipalSID":"S-1-5-21-3330634377-1326264276-632209373-519","PrincipalType":"Group","RightName":"GenericAll","IsInherited":true},{"PrincipalSID":"ZA.TRYHACKME.COM-S-1-5-32-544","PrincipalType":"Group","RightName":"WriteDacl","IsInherited":true},{"PrincipalSID":"ZA.TRYHACKME.COM-S-1-5-32-544","PrincipalType":"Group","RightName":"WriteOwner","IsInherited":true}],"ObjectIdentifier":"ED4C2A62-9A67-4177-A71B-51EB2192DD9B","IsDeleted":false,"IsACLProtected":false,"Properties":{"domain":"ZA.TRYHACKME.COM","name":"MEETINGS@ZA.TRYHACKME.COM","distinguishedname":"CN=MEETINGS,CN=SYSTEM,DC=ZA,DC=TRYHACKME,DC=COM","domainsid":"S-1-5-21-3330634377-1326264276-632209373","highvalue":false}},{"ChildObjects":[],"Aces":[{"PrincipalSID":"S-1-5-21-3330634377-1326264276-632209373-512","PrincipalType":"Group","RightName":"Owns","IsInherited":false},{"PrincipalSID":"S-1-5-21-3330634377-1326264276-632209373-512","PrincipalType":"Group","RightName":"WriteDacl","IsInherited":false},{"PrincipalSID":"S-1-5-21-3330634377-1326264276-632209373-512","PrincipalType":"Group","RightName":"WriteOwner","IsInherited":false},{"PrincipalSID":"S-1-5-21-3330634377-1326264276-632209373-519","PrincipalType":"Group","RightName":"GenericAll","IsInherited":true},{"PrincipalSID":"ZA.TRYHACKME.COM-S-1-5-32-544","PrincipalType":"Group","RightName":"WriteDacl","IsInherited":true},{"PrincipalSID":"ZA.TRYHACKME.COM-S-1-5-32-544","PrincipalType":"Group","RightName":"WriteOwner","IsInherited":true}],"ObjectIdentifier":"1C78B0C8-F58A-4265-90EF-2B5FEEDFB611","IsDeleted":false,"IsACLProtected":false,"Properties":{"domain":"ZA.TRYHACKME.COM","name":"RPCSERVICES@ZA.TRYHACKME.COM","distinguishedname":"CN=RPCSERVICES,CN=SYSTEM,DC=ZA,DC=TRYHACKME,DC=COM","domainsid":"S-1-5-21-3330634377-1326264276-632209373","highvalue":false}},{"ChildObjects":[],"Aces":[{"PrincipalSID":"S-1-5-21-3330634377-1326264276-632209373-512","PrincipalType":"Group","RightName":"Owns","IsInherited":false},{"PrincipalSID":"ZA.TRYHACKME.COM-S-1-5-32-544","PrincipalType":"Group","RightName":"WriteDacl","IsInherited":false},{"PrincipalSID":"ZA.TRYHACKME.COM-S-1-5-32-544","PrincipalType":"Group","RightName":"WriteOwner","IsInherited":false},{"PrincipalSID":"S-1-5-21-3330634377-1326264276-632209373-512","PrincipalType":"Group","RightName":"WriteDacl","IsInherited":false},{"PrincipalSID":"S-1-5-21-3330634377-1326264276-632209373-512","PrincipalType":"Group","RightName":"WriteOwner","IsInherited":false},{"PrincipalSID":"S-1-5-21-3330634377-1326264276-632209373-519","PrincipalType":"Group","RightName":"WriteDacl","IsInherited":false},{"PrincipalSID":"S-1-5-21-3330634377-1326264276-632209373-519","PrincipalType":"Group","RightName":"WriteOwner","IsInherited":false}],"ObjectIdentifier":"AB20D75C-0306-49D6-BEC0-6A7AF681C7E8","IsDeleted":false,"IsACLProtected":true,"Properties":{"domain":"ZA.TRYHACKME.COM","name":"ADMINSDHOLDER@ZA.TRYHACKME.COM","distinguishedname":"CN=ADMINSDHOLDER,CN=SYSTEM,DC=ZA,DC=TRYHACKME,DC=COM","domainsid":"S-1-5-21-3330634377-1326264276-632209373","highvalue":false}},{"ChildObjects":[],"Aces":[{"PrincipalSID":"S-1-5-21-3330634377-1326264276-632209373-512","PrincipalType":"Group","RightName":"Owns","IsInherited":false},{"PrincipalSID":"S-1-5-21-3330634377-1326264276-632209373-512","PrincipalType":"Group","RightName":"WriteDacl","IsInherited":false},{"PrincipalSID":"S-1-5-21-3330634377-1326264276-632209373-512","PrincipalType":"Group","RightName":"WriteOwner","IsInherited":false},{"PrincipalSID":"S-1-5-21-3330634377-1326264276-632209373-519","PrincipalType":"Group","RightName":"GenericAll","IsInherited":true},{"PrincipalSID":"ZA.TRYHACKME.COM-S-1-5-32-544","PrincipalType":"Group","RightName":"WriteDacl","IsInherited":true},{"PrincipalSID":"ZA.TRYHACKME.COM-S-1-5-32-544","PrincipalType":"Group","RightName":"WriteOwner","IsInherited":true}],"ObjectIdentifier":"A4FFF731-AB04-423E-AEEA-C14EACCD72A7","IsDeleted":false,"IsACLProtected":false,"Properties":{"domain":"ZA.TRYHACKME.COM","name":"WINSOCKSERVICES@ZA.TRYHACKME.COM","distinguishedname":"CN=WINSOCKSERVICES,CN=SYSTEM,DC=ZA,DC=TRYHACKME,DC=COM","domainsid":"S-1-5-21-3330634377-1326264276-632209373","highvalue":false}},{"ChildObjects":[],"Aces":[{"PrincipalSID":"S-1-5-21-3330634377-1326264276-632209373-512","PrincipalType":"Group","RightName":"Owns","IsInherited":false},{"PrincipalSID":"S-1-5-21-3330634377-1326264276-632209373-512","PrincipalType":"Group","RightName":"WriteDacl","IsInherited":false},{"PrincipalSID":"S-1-5-21-3330634377-1326264276-632209373-512","PrincipalType":"Group","RightName":"WriteOwner","IsInherited":false},{"PrincipalSID":"S-1-5-21-3330634377-1326264276-632209373-519","PrincipalType":"Group","RightName":"GenericAll","IsInherited":true},{"PrincipalSID":"ZA.TRYHACKME.COM-S-1-5-32-544","PrincipalType":"Group","RightName":"WriteDacl","IsInherited":true},{"PrincipalSID":"ZA.TRYHACKME.COM-S-1-5-32-544","PrincipalType":"Group","RightName":"WriteOwner","IsInherited":true}],"ObjectIdentifier":"CCCB931C-FB5F-4C67-A4BE-0B293A4FBBE9","IsDeleted":false,"IsACLProtected":false,"Properties":{"domain":"ZA.TRYHACKME.COM","name":"MANAGED SERVICE ACCOUNTS@ZA.TRYHACKME.COM","distinguishedname":"CN=MANAGED SERVICE ACCOUNTS,DC=ZA,DC=TRYHACKME,DC=COM","domainsid":"S-1-5-21-3330634377-1326264276-632209373","highvalue":false}},{"ChildObjects":[],"Aces":[{"PrincipalSID":"S-1-5-21-3330634377-1326264276-632209373-512","PrincipalType":"Group","RightName":"Owns","IsInherited":false},{"PrincipalSID":"S-1-5-21-3330634377-1326264276-632209373-512","PrincipalType":"Group","RightName":"GenericAll","IsInherited":false},{"PrincipalSID":"S-1-5-21-3330634377-1326264276-632209373-519","PrincipalType":"Group","RightName":"GenericAll","IsInherited":true},{"PrincipalSID":"ZA.TRYHACKME.COM-S-1-5-32-544","PrincipalType":"Group","RightName":"WriteDacl","IsInherited":true},{"PrincipalSID":"ZA.TRYHACKME.COM-S-1-5-32-544","PrincipalType":"Group","RightName":"WriteOwner","IsInherited":true}],"ObjectIdentifier":"82395145-6D04-47E8-80FE-E3E07FADF14E","IsDeleted":false,"IsACLProtected":false,"Properties":{"domain":"ZA.TRYHACKME.COM","name":"PROGRAM DATA@ZA.TRYHACKME.COM","distinguishedname":"CN=PROGRAM DATA,DC=ZA,DC=TRYHACKME,DC=COM","domainsid":"S-1-5-21-3330634377-1326264276-632209373","highvalue":false}},{"ChildObjects":[],"Aces":[{"PrincipalSID":"S-1-5-21-3330634377-1326264276-632209373-512","PrincipalType":"Group","RightName":"Owns","IsInherited":false},{"PrincipalSID":"S-1-5-21-3330634377-1326264276-632209373-553","PrincipalType":"Group","RightName":"WriteDacl","IsInherited":false},{"PrincipalSID":"S-1-5-21-3330634377-1326264276-632209373-553","PrincipalType":"Group","RightName":"WriteOwner","IsInherited":false},{"PrincipalSID":"S-1-5-21-3330634377-1326264276-632209373-519","PrincipalType":"Group","RightName":"GenericAll","IsInherited":true},{"PrincipalSID":"ZA.TRYHACKME.COM-S-1-5-32-544","PrincipalType":"Group","RightName":"WriteDacl","IsInherited":true},{"PrincipalSID":"ZA.TRYHACKME.COM-S-1-5-32-544","PrincipalType":"Group","RightName":"WriteOwner","IsInherited":true}],"ObjectIdentifier":"A93260F1-B7D3-4209-952B-FCCACC939636","IsDeleted":false,"IsACLProtected":false,"Properties":{"domain":"ZA.TRYHACKME.COM","name":"RAS AND IAS SERVERS ACCESS CHECK@ZA.TRYHACKME.COM","distinguishedname":"CN=RAS AND IAS SERVERS ACCESS CHECK,CN=SYSTEM,DC=ZA,DC=TRYHACKME,DC=COM","domainsid":"S-1-5-21-3330634377-1326264276-632209373","highvalue":false}},{"ChildObjects":[],"Aces":[{"PrincipalSID":"S-1-5-21-3330634377-1326264276-632209373-512","PrincipalType":"Group","RightName":"Owns","IsInherited":false},{"PrincipalSID":"S-1-5-21-3330634377-1326264276-632209373-512","PrincipalType":"Group","RightName":"WriteDacl","IsInherited":false},{"PrincipalSID":"S-1-5-21-3330634377-1326264276-632209373-512","PrincipalType":"Group","RightName":"WriteOwner","IsInherited":false},{"PrincipalSID":"S-1-5-21-3330634377-1326264276-632209373-519","PrincipalType":"Group","RightName":"GenericAll","IsInherited":true},{"PrincipalSID":"ZA.TRYHACKME.COM-S-1-5-32-544","PrincipalType":"Group","RightName":"WriteDacl","IsInherited":true},{"PrincipalSID":"ZA.TRYHACKME.COM-S-1-5-32-544","PrincipalType":"Group","RightName":"WriteOwner","IsInherited":true}],"ObjectIdentifier":"AD12D5A8-C532-4999-A6D8-859D2B55BF64","IsDeleted":false,"IsACLProtected":false,"Properties":{"domain":"ZA.TRYHACKME.COM","name":"COMPUTERS@ZA.TRYHACKME.COM","distinguishedname":"CN=COMPUTERS,DC=ZA,DC=TRYHACKME,DC=COM","domainsid":"S-1-5-21-3330634377-1326264276-632209373","highvalue":false}},{"ChildObjects":[],"Aces":[{"PrincipalSID":"S-1-5-21-3330634377-1326264276-632209373-512","PrincipalType":"Group","RightName":"Owns","IsInherited":false},{"PrincipalSID":"S-1-5-21-3330634377-1326264276-632209373-512","PrincipalType":"Group","RightName":"WriteDacl","IsInherited":false},{"PrincipalSID":"S-1-5-21-3330634377-1326264276-632209373-512","PrincipalType":"Group","RightName":"WriteOwner","IsInherited":false},{"PrincipalSID":"S-1-5-21-3330634377-1326264276-632209373-519","PrincipalType":"Group","RightName":"GenericAll","IsInherited":true},{"PrincipalSID":"ZA.TRYHACKME.COM-S-1-5-32-544","PrincipalType":"Group","RightName":"WriteDacl","IsInherited":true},{"PrincipalSID":"ZA.TRYHACKME.COM-S-1-5-32-544","PrincipalType":"Group","RightName":"WriteOwner","IsInherited":true}],"ObjectIdentifier":"16FF1EA9-E855-4D4A-B9FD-AF236E39AFA4","IsDeleted":false,"IsACLProtected":false,"Properties":{"domain":"ZA.TRYHACKME.COM","name":"SYSTEM@ZA.TRYHACKME.COM","distinguishedname":"CN=SYSTEM,DC=ZA,DC=TRYHACKME,DC=COM","domainsid":"S-1-5-21-3330634377-1326264276-632209373","highvalue":false}},{"ChildObjects":[{"ObjectIdentifier":"S-1-5-21-3330634377-1326264276-632209373-500","ObjectType":"User"},{"ObjectIdentifier":"S-1-5-21-3330634377-1326264276-632209373-571","ObjectType":"Group"},{"ObjectIdentifier":"S-1-5-21-3330634377-1326264276-632209373-517","ObjectType":"Group"},{"ObjectIdentifier":"S-1-5-21-3330634377-1326264276-632209373-522","ObjectType":"Group"},{"ObjectIdentifier":"S-1-5-21-3330634377-1326264276-632209373-572","ObjectType":"Group"},{"ObjectIdentifier":"S-1-5-21-3330634377-1326264276-632209373-1102","ObjectType":"Group"},{"ObjectIdentifier":"S-1-5-21-3330634377-1326264276-632209373-1103","ObjectType":"Group"},{"ObjectIdentifier":"S-1-5-21-3330634377-1326264276-632209373-512","ObjectType":"Group"},{"ObjectIdentifier":"S-1-5-21-3330634377-1326264276-632209373-515","ObjectType":"Group"},{"ObjectIdentifier":"S-1-5-21-3330634377-1326264276-632209373-516","ObjectType":"Group"},{"ObjectIdentifier":"S-1-5-21-3330634377-1326264276-632209373-514","ObjectType":"Group"},{"ObjectIdentifier":"S-1-5-21-3330634377-1326264276-632209373-513","ObjectType":"Group"},{"ObjectIdentifier":"S-1-5-21-3330634377-1326264276-632209373-519","ObjectType":"Group"},{"ObjectIdentifier":"S-1-5-21-3330634377-1326264276-632209373-527","ObjectType":"Group"},{"ObjectIdentifier":"S-1-5-21-3330634377-1326264276-632209373-498","ObjectType":"Group"},{"ObjectIdentifier":"S-1-5-21-3330634377-1326264276-632209373-520","ObjectType":"Group"},{"ObjectIdentifier":"S-1-5-21-3330634377-1326264276-632209373-501","ObjectType":"User"},{"ObjectIdentifier":"S-1-5-21-3330634377-1326264276-632209373-526","ObjectType":"Group"},{"ObjectIdentifier":"S-1-5-21-3330634377-1326264276-632209373-502","ObjectType":"User"},{"ObjectIdentifier":"S-1-5-21-3330634377-1326264276-632209373-525","ObjectType":"Group"},{"ObjectIdentifier":"S-1-5-21-3330634377-1326264276-632209373-553","ObjectType":"Group"},{"ObjectIdentifier":"S-1-5-21-3330634377-1326264276-632209373-521","ObjectType":"Group"},{"ObjectIdentifier":"S-1-5-21-3330634377-1326264276-632209373-518","ObjectType":"Group"},{"ObjectIdentifier":"S-1-5-21-3330634377-1326264276-632209373-4102","ObjectType":"User"},{"ObjectIdentifier":"S-1-5-21-3330634377-1326264276-632209373-4103","ObjectType":"User"},{"ObjectIdentifier":"S-1-5-21-3330634377-1326264276-632209373-3138","ObjectType":"User"},{"ObjectIdentifier":"S-1-5-21-3330634377-1326264276-632209373-3137","ObjectType":"User"},{"ObjectIdentifier":"S-1-5-21-3330634377-1326264276-632209373-1000","ObjectType":"User"}],"Aces":[{"PrincipalSID":"S-1-5-21-3330634377-1326264276-632209373-512","PrincipalType":"Group","RightName":"Owns","IsInherited":false},{"PrincipalSID":"S-1-5-21-3330634377-1326264276-632209373-512","PrincipalType":"Group","RightName":"WriteDacl","IsInherited":false},{"PrincipalSID":"S-1-5-21-3330634377-1326264276-632209373-512","PrincipalType":"Group","RightName":"WriteOwner","IsInherited":false},{"PrincipalSID":"S-1-5-21-3330634377-1326264276-632209373-519","PrincipalType":"Group","RightName":"GenericAll","IsInherited":true},{"PrincipalSID":"ZA.TRYHACKME.COM-S-1-5-32-544","PrincipalType":"Group","RightName":"WriteDacl","IsInherited":true},{"PrincipalSID":"ZA.TRYHACKME.COM-S-1-5-32-544","PrincipalType":"Group","RightName":"WriteOwner","IsInherited":true}],"ObjectIdentifier":"522362E6-DCC8-4C43-ADDD-0FC7417B4F69","IsDeleted":false,"IsACLProtected":false,"Properties":{"domain":"ZA.TRYHACKME.COM","name":"USERS@ZA.TRYHACKME.COM","distinguishedname":"CN=USERS,DC=ZA,DC=TRYHACKME,DC=COM","domainsid":"S-1-5-21-3330634377-1326264276-632209373","highvalue":false}}],"meta":{"methods":29695,"type":"containers","count":21,"version":4}}